date,text
2024-11-19 15:38:46+00:00,"**TODAY FII&DII DATA:- 19-11-2024

FII SELL NET ЁЯСЙ 3411.73 Cr.ЁЯФ╗

DII BUY NET ЁЯСЙ 2783.89 Cr. тШШ

NET SELLING :-┬а 627.84 Cr. ЁЯФ┤**"
2024-11-19 09:14:30+00:00,**300тВ╣ To 440тВ╣ ЁЯПЖЁЯУИтЭдя╕П**
2024-11-19 09:14:25+00:00,**300тВ╣ To 430тВ╣ ЁЯПЖЁЯУИтЭдя╕П**
2024-11-19 09:14:20+00:00,**300тВ╣ To 420тВ╣ ЁЯПЖЁЯУИтЭдя╕П**
2024-11-19 09:14:14+00:00,**300тВ╣ To 410тВ╣ ЁЯПЖЁЯУИтЭдя╕П**
2024-11-19 04:58:57+00:00,**300тВ╣ To 400тВ╣ ЁЯПЖЁЯУИтЭдя╕П**
2024-11-19 04:58:51+00:00,**300тВ╣ To 390тВ╣ ЁЯПЖЁЯУИтЭдя╕П**
2024-11-19 04:58:46+00:00,**300тВ╣ To 380тВ╣ ЁЯПЖЁЯУИтЭдя╕П**
2024-11-19 04:58:40+00:00,**300тВ╣ To 370тВ╣ ЁЯПЖЁЯУИтЭдя╕П**
2024-11-19 04:58:34+00:00,**300тВ╣ To 360тВ╣ ЁЯПЖЁЯУИтЭдя╕П**
2024-11-19 04:20:08+00:00,"**рдХреНрдпреВ рджреЛрд╕реНрддреЛ рдЙрдбрд╝рд╛ рджрд┐рдпрд╛ рди рд╕рдмрдХреЗ рд╣реЛрд╢ЁЯШАЁЯШАЁЯША

рдЖрдЦрд┐рд░ рдХрдм рддрдХ рдРрд╕реЗ рд╣реА рд╣рдорд╛рд░реЗ рдХреЙрд▓реНрд╕ рд╕реНрдХреНрд░реАрдирд╢реЙрдЯ рджреЗрдЦ рджреЗрдЦ рдХрд░ рдЕрдкрдиреЗ рджрд┐рд▓ рдХреЛ рддрд╕рд▓реНрд▓реА рджреЗрддреЗ рд░рд╣реЛрдЧреЗ ЁЯШЕЁЯШЕЁЯШЕ

рдЕрднреА рднреА рд╕рдордп рд╣реИ рджреЛрд╕реНрддреЛ рдЬреБрдбрд╝ рдЬрд╛рдУ рд╣рдорд╛рд░реЗ INVEST рдЧреНрд░реБрдк рдХреЗ рд╕рд╛рде ЁЯХпЁЯХп

**https://wa.me/+916378809418/?text=*HELLO-MONEY-INVEST-SIR*
https://wa.me/+916378809418/?text=*HELLO-MONEY-INVEST-SIR*"
2024-11-19 04:13:13+00:00,"**300 To 350++++ 3rd Target Hit ЁЯОп ЁЯПЖЁЯУИ

Book Your 100% Profit ЁЯШНЁЯШНЁЯЩПтЭдя╕П


BOOK PROFIT Trail stop loss in profitЁЯТРтЭдя╕П**"
2024-11-19 04:12:57+00:00,**300тВ╣ To 350тВ╣ ЁЯПЖЁЯУИтЭдя╕П**
2024-11-19 04:12:18+00:00,"**рд╕реБрдмрд╣ рдХреА рд╢реБрд░реБрд╡рд╛рдд рд╣реБрдИ рдзрдорд╛рдХреЗрджрд╛рд░ рдЯреНрд░реЗрдб рдХреЗ рд╕рд╛рде ЁЯШОЁЯШОЁЯШО

рдПрдХреНрдпреВрд░реЗрд╕реА рд╣реА рд╣рдорд╛рд░реА рдкрд╣рдЪрд╛рди рд╣реИ, рдХрдо рдХреЙрд▓ рдкрд░ рд╕рдЯреАрдХ рдХреЙрд▓

рдРрд╕реЗ рд╣реА рд╕рдЯреАрдХ рдПрдВрдЯреНрд░реА рдФрд░ рдПрдЧреНрдЬрд┐рдЯ рдкрд╛рдиреЗ рдХреЗ рд▓рд┐рдП рдЕрднреА рдЬреНрд╡реЙрдЗрди рдХрд░реЗ рд╣рдорд╛рд░рд╛ INVEST PLAN**

https://wa.me/+916378809418/?text=*HELLO-MONEY-INVEST-SIR*
https://wa.me/+916378809418/?text=*HELLO-MONEY-INVEST-SIR*"
2024-11-19 04:10:20+00:00,"**300 To 340++++ 2nd Target Hit ЁЯОп ЁЯПЖЁЯУИ

Book Your 70% Profit ЁЯШНЁЯШНЁЯЩПтЭдя╕П


BOOK PROFIT Trail stop loss in profitЁЯТРтЭдя╕П**"
2024-11-19 04:09:51+00:00,**300тВ╣ To 340тВ╣ ЁЯПЖЁЯУИтЭдя╕П**
2024-11-19 04:09:10+00:00,"**300 To 330++++ 1st Target Hit ЁЯОп ЁЯПЖЁЯУИ

Book Your 50% Profit ЁЯШНЁЯШНЁЯЩПтЭдя╕П


BOOK PROFIT Trail stop loss in profitЁЯТРтЭдя╕П**"
2024-11-19 04:08:48+00:00,**300тВ╣ To 330тВ╣ ЁЯПЖЁЯУИтЭдя╕П**
2024-11-19 04:08:44+00:00,**300тВ╣ To 320тВ╣ ЁЯПЖЁЯУИтЭдя╕П**
2024-11-19 04:08:39+00:00,**300тВ╣ To 310тВ╣ ЁЯПЖЁЯУИтЭдя╕П**
2024-11-19 04:08:32+00:00,**300тВ╣ To 300тВ╣ ЁЯПЖЁЯУИтЭдя╕П**
2024-11-19 04:07:45+00:00,"**BANKNIFTY 27 NOV┬а 51000 CE**__

ЁЯПЫ BUY ABOVE :- __300__

ЁЯУК Current Price : __300__


**Target..330//340//350++**

тШая╕П **Stoploss : PAID**__"
2024-11-19 02:50:38+00:00,"ЁЭЧЪЁЭЧвЁЭЧвЁЭЧЧ ЁЭЧаЁЭЧвЁЭЧеЁЭЧбЁЭЧЬЁЭЧбЁЭЧЪ ЁЭЧФЁЭЧЯЁЭЧЯ ЁЭЧзЁЭЧеЁЭЧФЁЭЧЧЁЭЧШЁЭЧеЁЭЧж тЭдя╕П

ЁЭЧЫЁЭЧФЁЭЧйЁЭЧШ ЁЭЧФ ЁЭЧЪЁЭЧвЁЭЧвЁЭЧЧ ЁЭЧЧЁЭЧФЁЭЧм ЁЭЧзЁЭЧвЁЭЧЧЁЭЧФЁЭЧм ЁЯШКтЩея╕П"
2024-11-18 14:12:24+00:00,"**TODAY FII&DII DATA:- 18-11-2024

FII SELL NET ЁЯСЙ 1403.40 Cr.ЁЯФ╗

DII BUY NET ЁЯСЙ 2330.56 Cr. тШШ

NET BUYING :-┬а 927.16 Cr. ЁЯЯв**"
2024-11-18 04:26:14+00:00,**400тВ╣ To 490тВ╣ ЁЯПЖЁЯУИтЭдя╕П**
2024-11-18 04:26:09+00:00,**400тВ╣ To 480тВ╣ ЁЯПЖЁЯУИтЭдя╕П**
2024-11-18 04:26:04+00:00,**400тВ╣ To 470тВ╣ ЁЯПЖЁЯУИтЭдя╕П**
2024-11-18 04:25:59+00:00,**400тВ╣ To 460тВ╣ ЁЯПЖЁЯУИтЭдя╕П**
2024-11-18 03:55:46+00:00,"**400 To 450++++ 3rd Target Hit ЁЯОп ЁЯПЖЁЯУИ

Book Your 100% Profit ЁЯШНЁЯШНЁЯЩПтЭдя╕П


BOOK PROFIT Trail stop loss in profitЁЯТРтЭдя╕П**"
2024-11-18 03:55:23+00:00,**400тВ╣ To 450тВ╣ ЁЯПЖЁЯУИтЭдя╕П**
2024-11-18 03:55:08+00:00,"**рдЗрддрдирд╛ рднрд╛ рдХреНрдпрд╛ рд╕реЛрдЪ рд░рд╣реЗ рд╣реЛ рдЬрд┐рддрдирд╛ рдЖрдкрдХрд╛ 1 рджрд┐рди рдХрд╛ рд▓реЙрд╕ рд╣реИ рдЙрд╕реЗ рд╕рд╕реНрддрд╛ рдореЗрд░рд╛ INVEST рдЧреНрд░реБрдк рдХрд╛ рдлреАрд╕┬а рд╣реИ рддреЛ рдлрдЯрд╛рдлрдЯ рдЬреНрд╡рд╛рдЗрди рдХрд░ рд▓реЛ рдЖрдкрдХреА рдЬрд░реНрдиреА рдЖрдЬ рд╕реЗ рд╣реА рдЪрд╛рд▓реВ рд╣реЛ рдЬрд╛рдПрдЧреА ЁЯе│ЁЯе│ЁЯе│ЁЯе│ЁЯе│ЁЯТпЁЯТпЁЯТп

рдФрд░ рдЖрдк рдЖрдЬ рдЬреНрд╡рд╛рдЗрди рдХрд░реЛрдЧреЗ рддреЛ рдЖрдкрдХреЛ рдЖрдЬ рдХреЗ рдЖрдЬ рд╣реА рдЖрдкрдХрд╛ рдлреАрд╕ рдХрд╛ 3 рдЧреБрдирд╛ рд░рд┐рдХрд╡рд░ рдХрд░рдХреЗ рджреЗрдВрдЧреЗ рд╣рдВрдбреНрд░реЗрдб рдкрд░рд╕реЗрдВрдЯ рдЧрд╛рд░рдВрдЯреА рджреЗрддрд╛ рд╣реВрдВ ЁЯе│ЁЯе│

Join click on ЁЯФЧ INDEX

INVEST ЁЯСЗЁЯСЗЁЯСЗ

**https://wa.me/+916378809418/?text=*HELLO-MONEY-INVEST-SIR*
**
**https://wa.me/+916378809418/?text=*HELLO-MONEY-INVEST-SIR***

STOCK OPTIONS ЁЯСЗЁЯСЗЁЯСЗ

**https://wa.me/+916378809418/?text=*HELLO-MONEY-INVEST-SIR*"
2024-11-18 03:51:42+00:00,"**400 To 440++++ 2nd Target Hit ЁЯОп ЁЯПЖЁЯУИ

Book Your 70% Profit ЁЯШНЁЯШНЁЯЩПтЭдя╕П


BOOK PROFIT Trail stop loss in profitЁЯТРтЭдя╕П**"
2024-11-18 03:51:14+00:00,**400тВ╣ To 440тВ╣ ЁЯПЖЁЯУИтЭдя╕П**
2024-11-18 03:50:54+00:00,"**400 To 430++++ 1st Target Hit ЁЯОп ЁЯПЖЁЯУИ

Book Your 50% Profit ЁЯШНЁЯШНЁЯЩПтЭдя╕П


BOOK PROFIT Trail stop loss in profitЁЯТРтЭдя╕П**"
2024-11-18 03:50:26+00:00,**400тВ╣ To 430тВ╣ ЁЯПЖЁЯУИтЭдя╕П**
2024-11-18 03:50:22+00:00,**400тВ╣ To 420тВ╣ ЁЯПЖЁЯУИтЭдя╕П**
2024-11-18 03:50:17+00:00,**400тВ╣ To 410тВ╣ ЁЯПЖЁЯУИтЭдя╕П**
2024-11-18 03:50:10+00:00,**400тВ╣ To 400тВ╣ ЁЯПЖЁЯУИтЭдя╕П**
2024-11-18 03:49:25+00:00,"**BANKNIFTY 27 NOV┬а 50000 PE**__

ЁЯПЫ BUY ABOVE :- __400__

ЁЯУК Current Price : __400__


**Target..430//440//450++**

тШая╕П **Stoploss : PAID**__"
2024-11-18 03:04:22+00:00,"ЁЭЧЪЁЭЧвЁЭЧвЁЭЧЧ ЁЭЧаЁЭЧвЁЭЧеЁЭЧбЁЭЧЬЁЭЧбЁЭЧЪ ЁЭЧФЁЭЧЯЁЭЧЯ ЁЭЧзЁЭЧеЁЭЧФЁЭЧЧЁЭЧШЁЭЧеЁЭЧж тЭдя╕П

ЁЭЧЫЁЭЧФЁЭЧйЁЭЧШ ЁЭЧФ ЁЭЧЪЁЭЧвЁЭЧвЁЭЧЧ ЁЭЧЧЁЭЧФЁЭЧм ЁЭЧзЁЭЧвЁЭЧЧЁЭЧФЁЭЧм ЁЯШКтЩея╕П"
2024-11-15 03:10:44+00:00,"**TODAY FII&DII DATA:- 14-11-2024

FII SELL NET ЁЯСЙ 1849.87 Cr.ЁЯФ╗

DII BUY NET ЁЯСЙ 2481.81 Cr. тШШ

NET BUYING :-┬а 631.94 Cr. ЁЯЯв**"
2024-11-13 14:58:35+00:00,"**TODAY FII&DII DATA:- 13-11-2024

FII SELL NET ЁЯСЙ 2502.58 Cr.ЁЯФ╗

DII BUY NET ЁЯСЙ 6145.24 Cr. тШШ

NET BUYING :-┬а 3642.66 Cr. ЁЯЯв**"
2024-11-13 10:20:04+00:00,"**BANK NIFTY ЁЯСЙ 320 TO 1220 тЬЕтЬЕ NEW HIGH 

900 POINT DONE IN BANK NIFTY PAPER TRADE STUDY....ЁЯЩП**

тЭдя╕ПтЭдя╕ПтЭдя╕ПтЭдя╕ПтЭдя╕ПтЭдя╕ПтЭдя╕ПтЭдя╕ПтЭдя╕ПтЭдя╕ПтЭдя╕П"
2024-11-13 10:19:40+00:00,"**BANK NIFTY ЁЯСЙ 320 TO 1170 тЬЕтЬЕ NEW HIGH 

850 POINT DONE IN BANK NIFTY PAPER TRADE STUDY....ЁЯЩП**

тЭдя╕ПтЭдя╕ПтЭдя╕ПтЭдя╕ПтЭдя╕ПтЭдя╕ПтЭдя╕ПтЭдя╕ПтЭдя╕ПтЭдя╕ПтЭдя╕П"
2024-11-13 09:59:25+00:00,"**BANK NIFTY ЁЯСЙ 320 TO 1120 тЬЕтЬЕ NEW HIGH 

800 POINT DONE IN BANK NIFTY PAPER TRADE STUDY....ЁЯЩП**

тЭдя╕ПтЭдя╕ПтЭдя╕ПтЭдя╕ПтЭдя╕ПтЭдя╕ПтЭдя╕ПтЭдя╕ПтЭдя╕ПтЭдя╕ПтЭдя╕П"
2024-11-13 09:57:44+00:00,"**BANK NIFTY ЁЯСЙ 320 TO 1070 тЬЕтЬЕ NEW HIGH 

750 POINT DONE IN BANK NIFTY PAPER TRADE STUDY....ЁЯЩП**

тЭдя╕ПтЭдя╕ПтЭдя╕ПтЭдя╕ПтЭдя╕ПтЭдя╕ПтЭдя╕ПтЭдя╕ПтЭдя╕ПтЭдя╕ПтЭдя╕П"
2024-11-13 09:01:41+00:00,"**BANK NIFTY ЁЯСЙ 320 TO 1020 тЬЕтЬЕ NEW HIGH 

700 POINT DONE IN BANK NIFTY PAPER TRADE STUDY....ЁЯЩП**

тЭдя╕ПтЭдя╕ПтЭдя╕ПтЭдя╕ПтЭдя╕ПтЭдя╕ПтЭдя╕ПтЭдя╕ПтЭдя╕ПтЭдя╕ПтЭдя╕П"
2024-11-13 09:01:13+00:00,"**BANK NIFTY ЁЯСЙ 320 TO 970 тЬЕтЬЕ NEW HIGH 

650 POINT DONE IN BANK NIFTY PAPER TRADE STUDY....ЁЯЩП**

тЭдя╕ПтЭдя╕ПтЭдя╕ПтЭдя╕ПтЭдя╕ПтЭдя╕ПтЭдя╕ПтЭдя╕ПтЭдя╕ПтЭдя╕ПтЭдя╕П"
2024-11-13 09:00:58+00:00,"**BANK NIFTY ЁЯСЙ 320 TO 920 тЬЕтЬЕ NEW HIGH 

600 POINT DONE IN BANK NIFTY PAPER TRADE STUDY....ЁЯЩП**

тЭдя╕ПтЭдя╕ПтЭдя╕ПтЭдя╕ПтЭдя╕ПтЭдя╕ПтЭдя╕ПтЭдя╕ПтЭдя╕ПтЭдя╕ПтЭдя╕П"
2024-11-13 06:19:56+00:00,"**BANK NIFTY ЁЯСЙ 320 TO 820 тЬЕтЬЕ NEW HIGH 

500 POINT DONE IN BANK NIFTY PAPER TRADE STUDY....ЁЯЩП**

тЭдя╕ПтЭдя╕ПтЭдя╕ПтЭдя╕ПтЭдя╕ПтЭдя╕ПтЭдя╕ПтЭдя╕ПтЭдя╕ПтЭдя╕ПтЭдя╕П"
2024-11-13 05:39:49+00:00,"**BANK NIFTY ЁЯСЙ 320 TO 720 тЬЕтЬЕ NEW HIGH 

400 POINT DONE IN BANK NIFTY PAPER TRADE STUDY....ЁЯЩП**

тЭдя╕ПтЭдя╕ПтЭдя╕ПтЭдя╕ПтЭдя╕ПтЭдя╕ПтЭдя╕ПтЭдя╕ПтЭдя╕ПтЭдя╕ПтЭдя╕П"
2024-11-13 05:39:27+00:00,"**BANK NIFTY ЁЯСЙ 320 TO 670 тЬЕтЬЕ NEW HIGH 

350 POINT DONE IN BANK NIFTY PAPER TRADE STUDY....ЁЯЩП**

тЭдя╕ПтЭдя╕ПтЭдя╕ПтЭдя╕ПтЭдя╕ПтЭдя╕ПтЭдя╕ПтЭдя╕ПтЭдя╕ПтЭдя╕ПтЭдя╕П"
2024-11-13 05:31:08+00:00,"**BANK NIFTY ЁЯСЙ 320 TO 620 тЬЕтЬЕ NEW HIGH 

300 POINT DONE IN BANK NIFTY PAPER TRADE STUDY....ЁЯЩП**

тЭдя╕ПтЭдя╕ПтЭдя╕ПтЭдя╕ПтЭдя╕ПтЭдя╕ПтЭдя╕ПтЭдя╕ПтЭдя╕ПтЭдя╕ПтЭдя╕П"
2024-11-13 05:30:40+00:00,"**рдУрд░ рдХрд┐рддрдиреЗ CALL рдЪрд╛рд╣рд┐рдП ЁЯШОЁЯШОЁЯЪАЁЯЪА

рдУрд░ рдХрд┐рддрдирд╛ TIME рджреЗрдЦрддреЗ рд░рд╣реЛрдЧреЗ

рдУрд░ WAIT рдХрд░рддреЗ рд░рд╣реЗ рддреЛ MISS рдХрд░ рджреЛрдЧреЗ рд╕рдм TRADE...

рдмрд╕ рдПрдХ рдмрд╛рд░ рднрд░реЛрд╕рд╛ рдХрд░реЛ...

рдЖрдкрдХрд╛ LOSS рдореИрдВ рд░рд┐рдХрд╡рд░ рдХрд░ рджреВрдВрдЧрд╛...

INVEST GROUP рдЬреНрд╡рд╛рдЗрди рд╣реЛ рдЬрд╛рдУ...

JOIN FAST ЁЯЪАЁЯЪАЁЯЪАЁЯЪАЁЯЪА

INDEX INVEST ЁЯСЗЁЯСЗЁЯСЗ

**https://wa.me/+916378809418/?text=*HELLO-MONEY-INVEST-SIR***

STOCK OPTIONS ЁЯСЗЁЯСЗЁЯСЗ

**https://wa.me/+916378809418/?text=*HELLO-MONEY-INVEST-SIR*
https://wa.me/+916378809418/?text=*HELLO-MONEY-INVEST-SIR*"
2024-11-13 05:23:46+00:00,"**рдЗрддрдирд╛ рднрд╛ рдХреНрдпрд╛ рд╕реЛрдЪ рд░рд╣реЗ рд╣реЛ рдЬрд┐рддрдирд╛ рдЖрдкрдХрд╛ 1 рджрд┐рди рдХрд╛ рд▓реЙрд╕ рд╣реИ рдЙрд╕реЗ рд╕рд╕реНрддрд╛ рдореЗрд░рд╛ INVEST рдЧреНрд░реБрдк рдХрд╛ рдлреАрд╕┬а рд╣реИ рддреЛ рдлрдЯрд╛рдлрдЯ рдЬреНрд╡рд╛рдЗрди рдХрд░ рд▓реЛ рдЖрдкрдХреА рдЬрд░реНрдиреА рдЖрдЬ рд╕реЗ рд╣реА рдЪрд╛рд▓реВ рд╣реЛ рдЬрд╛рдПрдЧреА ЁЯе│ЁЯе│ЁЯе│ЁЯе│ЁЯе│ЁЯТпЁЯТпЁЯТп

рдФрд░ рдЖрдк рдЖрдЬ рдЬреНрд╡рд╛рдЗрди рдХрд░реЛрдЧреЗ рддреЛ рдЖрдкрдХреЛ рдЖрдЬ рдХреЗ рдЖрдЬ рд╣реА рдЖрдкрдХрд╛ рдлреАрд╕ рдХрд╛ 3 рдЧреБрдирд╛ рд░рд┐рдХрд╡рд░ рдХрд░рдХреЗ рджреЗрдВрдЧреЗ рд╣рдВрдбреНрд░реЗрдб рдкрд░рд╕реЗрдВрдЯ рдЧрд╛рд░рдВрдЯреА рджреЗрддрд╛ рд╣реВрдВ ЁЯе│ЁЯе│

Join click on ЁЯФЧ INDEX

INVEST ЁЯСЗЁЯСЗЁЯСЗ

**https://wa.me/+916378809418/?text=*HELLO-MONEY-INVEST-SIR*
**
**https://wa.me/+916378809418/?text=*HELLO-MONEY-INVEST-SIR***

STOCK OPTIONS ЁЯСЗЁЯСЗЁЯСЗ

**https://wa.me/+916378809418/?text=*HELLO-MONEY-INVEST-SIR*"
2024-11-13 05:18:28+00:00,**320тВ╣ To 420тВ╣ ЁЯПЖЁЯУИтЭдя╕П**
2024-11-13 05:18:23+00:00,**320тВ╣ To 410тВ╣ ЁЯПЖЁЯУИтЭдя╕П**
2024-11-13 05:18:15+00:00,**320тВ╣ To 400тВ╣ ЁЯПЖЁЯУИтЭдя╕П**
2024-11-13 05:18:10+00:00,**320тВ╣ To 390тВ╣ ЁЯПЖЁЯУИтЭдя╕П**
2024-11-13 05:18:04+00:00,**320тВ╣ To 380тВ╣ ЁЯПЖЁЯУИтЭдя╕П**
2024-11-13 04:11:28+00:00,"**320 To 370++++ 3rd Target Hit ЁЯОп ЁЯПЖЁЯУИ

Book Your 100% Profit ЁЯШНЁЯШНЁЯЩПтЭдя╕П


BOOK PROFIT Trail stop loss in profitЁЯТРтЭдя╕П**"
2024-11-13 04:10:57+00:00,**320тВ╣ To 370тВ╣ ЁЯПЖЁЯУИтЭдя╕П**
2024-11-13 04:02:15+00:00,"**320 To 360++++ 2nd Target Hit ЁЯОп ЁЯПЖЁЯУИ

Book Your 70% Profit ЁЯШНЁЯШНЁЯЩПтЭдя╕П


BOOK PROFIT Trail stop loss in profitЁЯТРтЭдя╕П**"
2024-11-13 04:01:53+00:00,**320тВ╣ To 360тВ╣ ЁЯПЖЁЯУИтЭдя╕П**
2024-11-13 04:01:39+00:00,"**320 To 350++++ 1st Target Hit ЁЯОп ЁЯПЖЁЯУИ

Book Your 50% Profit ЁЯШНЁЯШНЁЯЩПтЭдя╕П


BOOK PROFIT Trail stop loss in profitЁЯТРтЭдя╕П**"
2024-11-13 04:01:09+00:00,**320тВ╣ To 350тВ╣ ЁЯПЖЁЯУИтЭдя╕П**
2024-11-13 04:01:04+00:00,**320тВ╣ To 340тВ╣ ЁЯПЖЁЯУИтЭдя╕П**
2024-11-13 04:00:59+00:00,**320тВ╣ To 330тВ╣ ЁЯПЖЁЯУИтЭдя╕П**
2024-11-13 04:00:50+00:00,**320тВ╣ To 320тВ╣ ЁЯПЖЁЯУИтЭдя╕П**
2024-11-13 03:59:55+00:00,"**BANKNIFTY 13 NOV┬а 51500 PE**__

ЁЯПЫ BUY ABOVE :- __320__

ЁЯУК Current Price : __320__


**Target..350//360//370++**

тШая╕П **Stoploss : PAID**__"
2024-11-13 03:35:55+00:00,"ЁЭЧЪЁЭЧвЁЭЧвЁЭЧЧ ЁЭЧаЁЭЧвЁЭЧеЁЭЧбЁЭЧЬЁЭЧбЁЭЧЪ ЁЭЧФЁЭЧЯЁЭЧЯ ЁЭЧзЁЭЧеЁЭЧФЁЭЧЧЁЭЧШЁЭЧеЁЭЧж тЭдя╕П

ЁЭЧЫЁЭЧФЁЭЧйЁЭЧШ ЁЭЧФ ЁЭЧЪЁЭЧвЁЭЧвЁЭЧЧ ЁЭЧЧЁЭЧФЁЭЧм ЁЭЧзЁЭЧвЁЭЧЧЁЭЧФЁЭЧм ЁЯШКтЩея╕П"
2024-11-12 14:09:57+00:00,"**TODAY FII&DII DATA:- 12-11-2024

FII SELL NET ЁЯСЙ 3024.31 Cr.ЁЯФ╗

DII BUY NET ЁЯСЙ 1854.46 Cr. тШШ

NET SELLING :-┬а 1169.85 Cr. ЁЯФ┤**"
2024-11-12 08:59:58+00:00,"**BANK NIFTY ЁЯСЙ 220 TO 870 тЬЕтЬЕ NEW HIGH 

650 POINT DONE IN BANK NIFTY PAPER TRADE STUDY....ЁЯЩП**

тЭдя╕ПтЭдя╕ПтЭдя╕ПтЭдя╕ПтЭдя╕ПтЭдя╕ПтЭдя╕ПтЭдя╕ПтЭдя╕ПтЭдя╕ПтЭдя╕П"
2024-11-12 08:59:06+00:00,"**BANK NIFTY ЁЯСЙ 220 TO 820 тЬЕтЬЕ NEW HIGH 

600 POINT DONE IN BANK NIFTY PAPER TRADE STUDY....ЁЯЩП**

тЭдя╕ПтЭдя╕ПтЭдя╕ПтЭдя╕ПтЭдя╕ПтЭдя╕ПтЭдя╕ПтЭдя╕ПтЭдя╕ПтЭдя╕ПтЭдя╕П"
2024-11-12 08:58:46+00:00,"**BANK NIFTY ЁЯСЙ 220 TO 770 тЬЕтЬЕ NEW HIGH 

550 POINT DONE IN BANK NIFTY PAPER TRADE STUDY....ЁЯЩП**

тЭдя╕ПтЭдя╕ПтЭдя╕ПтЭдя╕ПтЭдя╕ПтЭдя╕ПтЭдя╕ПтЭдя╕ПтЭдя╕ПтЭдя╕ПтЭдя╕П"
2024-11-12 08:58:10+00:00,"**BANK NIFTY ЁЯСЙ 220 TO 720 тЬЕтЬЕ NEW HIGH 

500 POINT DONE IN BANK NIFTY PAPER TRADE STUDY....ЁЯЩП**

тЭдя╕ПтЭдя╕ПтЭдя╕ПтЭдя╕ПтЭдя╕ПтЭдя╕ПтЭдя╕ПтЭдя╕ПтЭдя╕ПтЭдя╕ПтЭдя╕П"
2024-11-12 08:39:38+00:00,"**DON'T MISSS ЁЯЩИЁЯЩИЁЯЩИ

JOIN FAST ЁЯЪАЁЯЪАЁЯЪАЁЯЪА**"
2024-11-12 08:09:26+00:00,"**BANK NIFTY ЁЯСЙ 220 TO 670 тЬЕтЬЕ NEW HIGH 

450 POINT DONE IN BANK NIFTY PAPER TRADE STUDY....ЁЯЩП**

тЭдя╕ПтЭдя╕ПтЭдя╕ПтЭдя╕ПтЭдя╕ПтЭдя╕ПтЭдя╕ПтЭдя╕ПтЭдя╕ПтЭдя╕ПтЭдя╕П"
2024-11-12 08:09:10+00:00,"**BANK NIFTY ЁЯСЙ 220 TO 620 тЬЕтЬЕ NEW HIGH 

400 POINT DONE IN BANK NIFTY PAPER TRADE STUDY....ЁЯЩП**

тЭдя╕ПтЭдя╕ПтЭдя╕ПтЭдя╕ПтЭдя╕ПтЭдя╕ПтЭдя╕ПтЭдя╕ПтЭдя╕ПтЭдя╕ПтЭдя╕П"
2024-11-12 08:08:26+00:00,"**BANK NIFTY ЁЯСЙ 220 TO 570 тЬЕтЬЕ NEW HIGH 

350 POINT DONE IN BANK NIFTY PAPER TRADE STUDY....ЁЯЩП**

тЭдя╕ПтЭдя╕ПтЭдя╕ПтЭдя╕ПтЭдя╕ПтЭдя╕ПтЭдя╕ПтЭдя╕ПтЭдя╕ПтЭдя╕ПтЭдя╕П"
2024-11-12 08:04:09+00:00,"**BANK NIFTY ЁЯСЙ 220 TO 520 тЬЕтЬЕ NEW HIGH 

300 POINT DONE IN BANK NIFTY PAPER TRADE STUDY....ЁЯЩП**

тЭдя╕ПтЭдя╕ПтЭдя╕ПтЭдя╕ПтЭдя╕ПтЭдя╕ПтЭдя╕ПтЭдя╕ПтЭдя╕ПтЭдя╕ПтЭдя╕П"
2024-11-12 08:03:54+00:00,"**BANK NIFTY ЁЯСЙ 220 TO 470 тЬЕтЬЕ NEW HIGH 

250 POINT DONE IN BANK NIFTY PAPER TRADE STUDY....ЁЯЩП**

тЭдя╕ПтЭдя╕ПтЭдя╕ПтЭдя╕ПтЭдя╕ПтЭдя╕ПтЭдя╕ПтЭдя╕ПтЭдя╕ПтЭдя╕ПтЭдя╕П"
2024-11-12 05:48:52+00:00,"**BANK NIFTY ЁЯСЙ 220 TO 420 тЬЕтЬЕ NEW HIGH 

200 POINT DONE IN BANK NIFTY PAPER TRADE STUDY....ЁЯЩП**

тЭдя╕ПтЭдя╕ПтЭдя╕ПтЭдя╕ПтЭдя╕ПтЭдя╕ПтЭдя╕ПтЭдя╕ПтЭдя╕ПтЭдя╕ПтЭдя╕П"
2024-11-12 05:48:32+00:00,"**BANK NIFTY ЁЯСЙ 220 TO 370 тЬЕтЬЕ NEW HIGH 

150 POINT DONE IN BANK NIFTY PAPER TRADE STUDY....ЁЯЩП**

тЭдя╕ПтЭдя╕ПтЭдя╕ПтЭдя╕ПтЭдя╕ПтЭдя╕ПтЭдя╕ПтЭдя╕ПтЭдя╕ПтЭдя╕ПтЭдя╕П"
2024-11-12 05:46:12+00:00,"**рдЕрднреА рднреА рдореЛрдХрд╛ рд╣реИ рдЖрдкрдХреЗ рдкрд╛рд╕ рдЕрднреА рддреЛ рдкреБрд░рд╛ рджреАрди рдмрд╛рдХреА рд╣реИ ЁЯдйЁЯЪАЁЯШО

рдпрд╣ рдореЛрдХрд╛ рд╣рд╛рдд рд╕реЗ рдирд┐рдХрд▓ рдЬрдпреЗрдЧрд╛ ,рдлрд┐рд░ INVEST рдХреНрд▓рд╛рдЗрдЯ рдХреЗ рдлрд┐рдбрдмреЕрдХ рдУрд░ рд╕реНрдХреНрд░реАрдирд╢реЙрдЯ рджреЗрдЦрддреЗ рд░рд╛рд╣рдгрд╛

ЁЯСЗЁЯСЗЁЯСЗЁЯСЗ

INDEX INVEST 

**https://wa.me/+916378809418/?text=*HELLO-MONEY-INVEST-SIR***


STOCK OPTIONS ЁЯСЗЁЯСЗЁЯСЗ

**https://wa.me/+916378809418/?text=*HELLO-MONEY-INVEST-SIR*
https://wa.me/+916378809418/?text=*HELLO-MONEY-INVEST-SIR*"
2024-11-12 04:19:08+00:00,**220тВ╣ To 320тВ╣ ЁЯПЖЁЯУИтЭдя╕П**
2024-11-12 04:18:59+00:00,**220тВ╣ To 310тВ╣ ЁЯПЖЁЯУИтЭдя╕П**
2024-11-12 04:18:48+00:00,**220тВ╣ To 300тВ╣ ЁЯПЖЁЯУИтЭдя╕П**
2024-11-12 04:18:40+00:00,**220тВ╣ To 290тВ╣ ЁЯПЖЁЯУИтЭдя╕П**
2024-11-12 04:18:31+00:00,**220тВ╣ To 280тВ╣ ЁЯПЖЁЯУИтЭдя╕П**
2024-11-12 04:04:46+00:00,"**220 To 270++++ 3rd Target Hit ЁЯОп ЁЯПЖЁЯУИ

Book Your 100% Profit ЁЯШНЁЯШНЁЯЩПтЭдя╕П


BOOK PROFIT Trail stop loss in profitЁЯТРтЭдя╕П**"
2024-11-12 04:04:19+00:00,**220тВ╣ To 270тВ╣ ЁЯПЖЁЯУИтЭдя╕П**
2024-11-12 04:03:56+00:00,"**рд╕реБрдмрд╣ рдХреА рд╢реБрд░реБрд╡рд╛рдд рд╣реБрдИ рдзрдорд╛рдХреЗрджрд╛рд░ рдЯреНрд░реЗрдб рдХреЗ рд╕рд╛рде ЁЯШОЁЯШОЁЯШО

рдПрдХреНрдпреВрд░реЗрд╕реА рд╣реА рд╣рдорд╛рд░реА рдкрд╣рдЪрд╛рди рд╣реИ, рдХрдо рдХреЙрд▓ рдкрд░ рд╕рдЯреАрдХ рдХреЙрд▓

рдРрд╕реЗ рд╣реА рд╕рдЯреАрдХ рдПрдВрдЯреНрд░реА рдФрд░ рдПрдЧреНрдЬрд┐рдЯ рдкрд╛рдиреЗ рдХреЗ рд▓рд┐рдП рдЕрднреА рдЬреНрд╡реЙрдЗрди рдХрд░реЗ рд╣рдорд╛рд░рд╛ INVEST PLAN**

https://wa.me/+916378809418/?text=*HELLO-MONEY-INVEST-SIR*
https://wa.me/+916378809418/?text=*HELLO-MONEY-INVEST-SIR*"
2024-11-12 03:58:12+00:00,"**220 To 260++++ 2nd Target Hit ЁЯОп ЁЯПЖЁЯУИ

Book Your 70% Profit ЁЯШНЁЯШНЁЯЩПтЭдя╕П


BOOK PROFIT Trail stop loss in profitЁЯТРтЭдя╕П**"
2024-11-12 03:57:53+00:00,**220тВ╣ To 260тВ╣ ЁЯПЖЁЯУИтЭдя╕П**
2024-11-12 03:57:39+00:00,"**220 To 250++++ 1st Target Hit ЁЯОп ЁЯПЖЁЯУИ

Book Your 50% Profit ЁЯШНЁЯШНЁЯЩПтЭдя╕П


BOOK PROFIT Trail stop loss in profitЁЯТРтЭдя╕П**"
2024-11-12 03:57:23+00:00,**220тВ╣ To 250тВ╣ ЁЯПЖЁЯУИтЭдя╕П**
2024-11-12 03:56:53+00:00,**220тВ╣ To 240тВ╣ ЁЯПЖЁЯУИтЭдя╕П**
2024-11-12 03:56:37+00:00,**220тВ╣ To 230тВ╣ ЁЯПЖЁЯУИтЭдя╕П**
2024-11-12 03:56:24+00:00,**220тВ╣ To 220тВ╣ ЁЯПЖЁЯУИтЭдя╕П**
2024-11-12 03:54:49+00:00,"**BANKNIFTY 13 NOV┬а 52000 PE**__

ЁЯПЫ BUY ABOVE :- __220__

ЁЯУК Current Price : __220__


**Target..250//260//270++**

тШая╕П **Stoploss : PAID**__"
2024-11-12 01:59:51+00:00,"ЁЭЧЪЁЭЧвЁЭЧвЁЭЧЧ ЁЭЧаЁЭЧвЁЭЧеЁЭЧбЁЭЧЬЁЭЧбЁЭЧЪ ЁЭЧФЁЭЧЯЁЭЧЯ ЁЭЧзЁЭЧеЁЭЧФЁЭЧЧЁЭЧШЁЭЧеЁЭЧж тЭдя╕П

ЁЭЧЫЁЭЧФЁЭЧйЁЭЧШ ЁЭЧФ ЁЭЧЪЁЭЧвЁЭЧвЁЭЧЧ ЁЭЧЧЁЭЧФЁЭЧм ЁЭЧзЁЭЧвЁЭЧЧЁЭЧФЁЭЧм ЁЯШКтЩея╕П"
2024-11-11 13:59:10+00:00,"**TODAY FII&DII DATA:- 11-11-2024

FII SELL NET ЁЯСЙ 2306.88 Cr.ЁЯФ╗

DII BUY NET ЁЯСЙ 2026.63 Cr. тШШ

NET SELLING :-┬а 280.25 Cr. ЁЯФ┤**"
2024-11-11 13:58:20+00:00,**1.92 lacs ++++ profit booked ЁЯШНЁЯШНЁЯШНЁЯШНЁЯШН**
2024-11-11 08:26:38+00:00,"**BANK NIFTY ЁЯСЙ 260 TO 760 тЬЕтЬЕ NEW HIGH 

500 POINT DONE IN BANK NIFTY PAPER TRADE STUDY....ЁЯЩП**

тЭдя╕ПтЭдя╕ПтЭдя╕ПтЭдя╕ПтЭдя╕ПтЭдя╕ПтЭдя╕ПтЭдя╕ПтЭдя╕ПтЭдя╕ПтЭдя╕П"
2024-11-11 08:26:22+00:00,"**BANK NIFTY ЁЯСЙ 260 TO 710 тЬЕтЬЕ NEW HIGH 

450 POINT DONE IN BANK NIFTY PAPER TRADE STUDY....ЁЯЩП**

тЭдя╕ПтЭдя╕ПтЭдя╕ПтЭдя╕ПтЭдя╕ПтЭдя╕ПтЭдя╕ПтЭдя╕ПтЭдя╕ПтЭдя╕ПтЭдя╕П"
2024-11-11 07:24:19+00:00,"**BANK NIFTY ЁЯСЙ 260 TO 660 тЬЕтЬЕ NEW HIGH 

400 POINT DONE IN BANK NIFTY PAPER TRADE STUDY....ЁЯЩП**

тЭдя╕ПтЭдя╕ПтЭдя╕ПтЭдя╕ПтЭдя╕ПтЭдя╕ПтЭдя╕ПтЭдя╕ПтЭдя╕ПтЭдя╕ПтЭдя╕П"
2024-11-11 07:23:34+00:00,"**BANK NIFTY ЁЯСЙ 260 TO 610 тЬЕтЬЕ NEW HIGH 

350 POINT DONE IN BANK NIFTY PAPER TRADE STUDY....ЁЯЩП**

тЭдя╕ПтЭдя╕ПтЭдя╕ПтЭдя╕ПтЭдя╕ПтЭдя╕ПтЭдя╕ПтЭдя╕ПтЭдя╕ПтЭдя╕ПтЭдя╕П"
2024-11-11 07:23:20+00:00,"**BANK NIFTY ЁЯСЙ 260 TO 560 тЬЕтЬЕ NEW HIGH 

300 POINT DONE IN BANK NIFTY PAPER TRADE STUDY....ЁЯЩП**

тЭдя╕ПтЭдя╕ПтЭдя╕ПтЭдя╕ПтЭдя╕ПтЭдя╕ПтЭдя╕ПтЭдя╕ПтЭдя╕ПтЭдя╕ПтЭдя╕П"
2024-11-11 07:23:03+00:00,"**рдЕрднреА рднреА рдореЛрдХрд╛ рд╣реИ рдЖрдкрдХреЗ рдкрд╛рд╕ рдЕрднреА рддреЛ рдкреБрд░рд╛ рджреАрди рдмрд╛рдХреА рд╣реИ ЁЯдйЁЯЪАЁЯШО

рдпрд╣ рдореЛрдХрд╛ рд╣рд╛рдд рд╕реЗ рдирд┐рдХрд▓ рдЬрдпреЗрдЧрд╛ ,рдлрд┐рд░ INVEST рдХреНрд▓рд╛рдЗрдЯ рдХреЗ рдлрд┐рдбрдмреЕрдХ рдУрд░ рд╕реНрдХреНрд░реАрдирд╢реЙрдЯ рджреЗрдЦрддреЗ рд░рд╛рд╣рдгрд╛

ЁЯСЗЁЯСЗЁЯСЗЁЯСЗ

INDEX INVEST 

**https://wa.me/+916378809418/?text=*HELLO-MONEY-INVEST-SIR***


STOCK OPTIONS ЁЯСЗЁЯСЗЁЯСЗ

**https://wa.me/+916378809418/?text=*HELLO-MONEY-INVEST-SIR*
https://wa.me/+916378809418/?text=*HELLO-MONEY-INVEST-SIR*"
2024-11-11 05:33:53+00:00,"**BANK NIFTY ЁЯСЙ 260 TO 510 тЬЕтЬЕ NEW HIGH 

250 POINT DONE IN BANK NIFTY PAPER TRADE STUDY....ЁЯЩП**

тЭдя╕ПтЭдя╕ПтЭдя╕ПтЭдя╕ПтЭдя╕ПтЭдя╕ПтЭдя╕ПтЭдя╕ПтЭдя╕ПтЭдя╕ПтЭдя╕П"
2024-11-11 05:33:39+00:00,"**BANK NIFTY ЁЯСЙ 260 TO 460 тЬЕтЬЕ NEW HIGH 

200 POINT DONE IN BANK NIFTY PAPER TRADE STUDY....ЁЯЩП**

тЭдя╕ПтЭдя╕ПтЭдя╕ПтЭдя╕ПтЭдя╕ПтЭдя╕ПтЭдя╕ПтЭдя╕ПтЭдя╕ПтЭдя╕ПтЭдя╕П"
2024-11-11 05:33:21+00:00,"**BANK NIFTY ЁЯСЙ 260 TO 410 тЬЕтЬЕ NEW HIGH 

150 POINT DONE IN BANK NIFTY PAPER TRADE STUDY....ЁЯЩП**

тЭдя╕ПтЭдя╕ПтЭдя╕ПтЭдя╕ПтЭдя╕ПтЭдя╕ПтЭдя╕ПтЭдя╕ПтЭдя╕ПтЭдя╕ПтЭдя╕П"
2024-11-11 04:25:27+00:00,"**рдЗрддрдирд╛ рднрд╛ рдХреНрдпрд╛ рд╕реЛрдЪ рд░рд╣реЗ рд╣реЛ рдЬрд┐рддрдирд╛ рдЖрдкрдХрд╛ 1 рджрд┐рди рдХрд╛ рд▓реЙрд╕ рд╣реИ рдЙрд╕реЗ рд╕рд╕реНрддрд╛ рдореЗрд░рд╛ INVEST рдЧреНрд░реБрдк рдХрд╛ рдлреАрд╕┬а рд╣реИ рддреЛ рдлрдЯрд╛рдлрдЯ рдЬреНрд╡рд╛рдЗрди рдХрд░ рд▓реЛ рдЖрдкрдХреА рдЬрд░реНрдиреА рдЖрдЬ рд╕реЗ рд╣реА рдЪрд╛рд▓реВ рд╣реЛ рдЬрд╛рдПрдЧреА ЁЯе│ЁЯе│ЁЯе│ЁЯе│ЁЯе│ЁЯТпЁЯТпЁЯТп

рдФрд░ рдЖрдк рдЖрдЬ рдЬреНрд╡рд╛рдЗрди рдХрд░реЛрдЧреЗ рддреЛ рдЖрдкрдХреЛ рдЖрдЬ рдХреЗ рдЖрдЬ рд╣реА рдЖрдкрдХрд╛ рдлреАрд╕ рдХрд╛ 3 рдЧреБрдирд╛ рд░рд┐рдХрд╡рд░ рдХрд░рдХреЗ рджреЗрдВрдЧреЗ рд╣рдВрдбреНрд░реЗрдб рдкрд░рд╕реЗрдВрдЯ рдЧрд╛рд░рдВрдЯреА рджреЗрддрд╛ рд╣реВрдВ ЁЯе│ЁЯе│

Join click on ЁЯФЧ INDEX

INVEST ЁЯСЗЁЯСЗЁЯСЗ

**https://wa.me/+916378809418/?text=*HELLO-MONEY-INVEST-SIR*
**
**https://wa.me/+916378809418/?text=*HELLO-MONEY-INVEST-SIR***

STOCK OPTIONS ЁЯСЗЁЯСЗЁЯСЗ

**https://wa.me/+916378809418/?text=*HELLO-MONEY-INVEST-SIR*"
2024-11-11 04:19:44+00:00,**260тВ╣ To 360тВ╣ ЁЯПЖЁЯУИтЭдя╕П**
2024-11-11 04:19:38+00:00,**260тВ╣ To 350тВ╣ ЁЯПЖЁЯУИтЭдя╕П**
2024-11-11 04:19:33+00:00,**260тВ╣ To 340тВ╣ ЁЯПЖЁЯУИтЭдя╕П**
2024-11-11 04:19:28+00:00,**260тВ╣ To 330тВ╣ ЁЯПЖЁЯУИтЭдя╕П**
2024-11-11 04:19:24+00:00,**260тВ╣ To 320тВ╣ ЁЯПЖЁЯУИтЭдя╕П**
2024-11-11 04:12:49+00:00,"**260 To 310++++ 3rd Target Hit ЁЯОп ЁЯПЖЁЯУИ

Book Your 100% Profit ЁЯШНЁЯШНЁЯЩПтЭдя╕П


BOOK PROFIT Trail stop loss in profitЁЯТРтЭдя╕П**"
2024-11-11 04:12:29+00:00,**260тВ╣ To 310тВ╣ ЁЯПЖЁЯУИтЭдя╕П**
2024-11-11 04:12:01+00:00,"**рдХреИрд╕рд╛ рд▓рдЧрд╛ MORNING┬а TRADE рд╣рд┐рд▓рд╛ рдбрд╛рд▓рд╛ рдирд╛ ЁЯЪАЁЯЪАЁЯЪА

рд╕рд┐рд░реНрдлрд╝ рджреЗрдЦрдиреЗ рд╕реЗ рдХреБрдЫ рдирд╣реА рд╣реЛрдЧрд╛ рдЗрд╕рдХреЗ рд▓рд┐рдП JOIN рд╣реЛрдирд╛ рдкрдбрд╝реЗрдЧрд╛ ЁЯФеЁЯФеЁЯФе

рдХрд╣рд╛рдВ рдкрдбрд╝реЗ рд╣реЛ рджреВрд╕рд░реА рд╕рд╛рд░реА рдЪреИрдирд▓ рдореЗрдВ рд╣рдорд╛рд░рд╛ рдЬреИрд╕рд╛ рдХрд╛рдо рдФрд░┬а рдирд┐рд╡реЗрд╢ рдпреЛрдЬрдирд╛ рдХреЛрдИ рдирд╣реА рджреЗ рд╕рдХрддрд╛ рддреЛ рдлрд┐рд░ рдХрд┐рд╕ рдмрд╛рдд рдХрд╛ рдЗрдВрддрдЬрд╛рд░ рдХрд░ рд░рд╣реЗ рд╣реЛ рд╣реЛ рдЬрд╛рдУ рдЬреНрд╡реЙрдЗрди рдлрд╛рд╕реНрдЯ ЁЯЪАЁЯЪАЁЯЪАтЬЕтЬЕтЬЕЁЯТ╕ЁЯТ╕ЁЯТ╕ЁЯТ╕



PAYMENT LINK ЁЯЦЗя╕ПЁЯЦЗя╕ПЁЯЦЗя╕П

INDEX PREMIUM ЁЯСЗЁЯСЗЁЯСЗ

**https://wa.me/+916378809418/?text=*HELLO-MONEY-INVEST-SIR***

STOCK OPTIONS ЁЯСЗЁЯСЗЁЯСЗ

**https://wa.me/+916378809418/?text=*HELLO-MONEY-INVEST-SIR*
**
**https://wa.me/+916378809418/?text=*HELLO-MONEY-INVEST-SIR***

JOIN NOW:-**ЁЯСЖЁЯСЖЁЯСЖЁЯСЖ"
2024-11-11 03:59:24+00:00,"**260 To 300++++ 2nd Target Hit ЁЯОп ЁЯПЖЁЯУИ

Book Your 70% Profit ЁЯШНЁЯШНЁЯЩПтЭдя╕П


BOOK PROFIT Trail stop loss in profitЁЯТРтЭдя╕П**"
2024-11-11 03:58:57+00:00,**260тВ╣ To 300тВ╣ ЁЯПЖЁЯУИтЭдя╕П**
2024-11-11 03:58:29+00:00,"**260 To 290++++ 1st Target Hit ЁЯОп ЁЯПЖЁЯУИ

Book Your 50% Profit ЁЯШНЁЯШНЁЯЩПтЭдя╕П


BOOK PROFIT Trail stop loss in profitЁЯТРтЭдя╕П**"
2024-11-11 03:56:43+00:00,**260тВ╣ To 290тВ╣ ЁЯПЖЁЯУИтЭдя╕П**
2024-11-11 03:56:38+00:00,**260тВ╣ To 280тВ╣ ЁЯПЖЁЯУИтЭдя╕П**
2024-11-11 03:56:34+00:00,**260тВ╣ To 270тВ╣ ЁЯПЖЁЯУИтЭдя╕П**
2024-11-11 03:56:27+00:00,**260тВ╣ To 260тВ╣ ЁЯПЖЁЯУИтЭдя╕П**
2024-11-11 03:55:34+00:00,"**BANKNIFTY 13 NOV┬а 51500 CE**__

ЁЯПЫ BUY ABOVE :- __260__

ЁЯУК Current Price : __260__


**Target..290//300//310++**

тШая╕П **Stoploss : PAID**__"
2024-11-11 03:42:50+00:00,"ЁЭЧЪЁЭЧвЁЭЧвЁЭЧЧ ЁЭЧаЁЭЧвЁЭЧеЁЭЧбЁЭЧЬЁЭЧбЁЭЧЪ ЁЭЧФЁЭЧЯЁЭЧЯ ЁЭЧзЁЭЧеЁЭЧФЁЭЧЧЁЭЧШЁЭЧеЁЭЧж тЭдя╕П

ЁЭЧЫЁЭЧФЁЭЧйЁЭЧШ ЁЭЧФ ЁЭЧЪЁЭЧвЁЭЧвЁЭЧЧ ЁЭЧЧЁЭЧФЁЭЧм ЁЭЧзЁЭЧвЁЭЧЧЁЭЧФЁЭЧм ЁЯШКтЩея╕П"
2024-11-08 04:36:32+00:00,**270тВ╣ To 370тВ╣ ЁЯПЖЁЯУИтЭдя╕П**
2024-11-08 04:36:25+00:00,**270тВ╣ To 360тВ╣ ЁЯПЖЁЯУИтЭдя╕П**
2024-11-08 04:36:19+00:00,**270тВ╣ To 350тВ╣ ЁЯПЖЁЯУИтЭдя╕П**
2024-11-08 04:36:14+00:00,**270тВ╣ To 340тВ╣ ЁЯПЖЁЯУИтЭдя╕П**
2024-11-08 04:36:09+00:00,**270тВ╣ To 330тВ╣ ЁЯПЖЁЯУИтЭдя╕П**
2024-11-08 04:31:56+00:00,"**рдХреИрд╕рд╛ рд▓рдЧрд╛ DEMO TRADE рд╣рд┐рд▓рд╛ рдбрд╛рд▓рд╛ рдирд╛ ЁЯЪАЁЯЪАЁЯЪА

рд╕рд┐рд░реНрдлрд╝ рджреЗрдЦрдиреЗ рд╕реЗ рдХреБрдЫ рдирд╣реА рд╣реЛрдЧрд╛ рдЗрд╕рдХреЗ рд▓рд┐рдП JOIN рд╣реЛрдирд╛ рдкрдбрд╝реЗрдЧрд╛ ЁЯФеЁЯФеЁЯФе

рдХрд╣рд╛рдВ рдкрдбрд╝реЗ рд╣реЛ рджреВрд╕рд░реА рд╕рд╛рд░реА рдЪреИрдирд▓ рдореЗрдВ рд╣рдорд╛рд░рд╛ рдЬреИрд╕рд╛ рдХрд╛рдо рдФрд░ рд╕рдХреНрд╕реЗрд╕рдлреБрд▓ рдХреЙрд▓ рдХреЛрдИ рдирд╣реА рджреЗ рд╕рдХрддрд╛ рддреЛ рдлрд┐рд░ рдХрд┐рд╕ рдмрд╛рдд рдХрд╛ рдЗрдВрддрдЬрд╛рд░ рдХрд░ рд░рд╣реЗ рд╣реЛ рд╣реЛ рдЬрд╛рдУ рдЬреНрд╡реЙрдЗрди рдлрд╛рд╕реНрдЯ ЁЯЪАЁЯЪАЁЯЪАтЬЕтЬЕтЬЕЁЯТ╕ЁЯТ╕ЁЯТ╕ЁЯТ╕



PAYMENT LINK ЁЯЦЗя╕ПЁЯЦЗя╕ПЁЯЦЗя╕П

INDEX PREMIUM ЁЯСЗЁЯСЗЁЯСЗ

**https://wa.me/+916378809418/?text=*HELLO-MONEY-INVEST-SIR***

STOCK OPTIONS ЁЯСЗЁЯСЗЁЯСЗ
****https://wa.me/+916378809418/?text=*HELLO-MONEY-INVEST-SIR***"
2024-11-08 04:02:28+00:00,"**270 To 320++++ 3rd Target Hit ЁЯОп ЁЯПЖЁЯУИ

Book Your 100% Profit ЁЯШНЁЯШНЁЯЩПтЭдя╕П


BOOK PROFIT Trail stop loss in profitЁЯТРтЭдя╕П**"
2024-11-08 04:02:04+00:00,**270тВ╣ To 320тВ╣ ЁЯПЖЁЯУИтЭдя╕П**
2024-11-08 03:57:29+00:00,"**270 To 310++++ 2nd Target Hit ЁЯОп ЁЯПЖЁЯУИ

Book Your 70% Profit ЁЯШНЁЯШНЁЯЩПтЭдя╕П


BOOK PROFIT Trail stop loss in profitЁЯТРтЭдя╕П**"
2024-11-08 03:57:11+00:00,**270тВ╣ To 310тВ╣ ЁЯПЖЁЯУИтЭдя╕П**
2024-11-08 03:57:00+00:00,"**270 To 300++++ 1st Target Hit ЁЯОп ЁЯПЖЁЯУИ

Book Your 50% Profit ЁЯШНЁЯШНЁЯЩПтЭдя╕П


BOOK PROFIT Trail stop loss in profitЁЯТРтЭдя╕П**"
2024-11-08 03:56:41+00:00,**270тВ╣ To 300тВ╣ ЁЯПЖЁЯУИтЭдя╕П**
2024-11-08 03:56:36+00:00,**270тВ╣ To 290тВ╣ ЁЯПЖЁЯУИтЭдя╕П**
2024-11-08 03:56:31+00:00,**270тВ╣ To 280тВ╣ ЁЯПЖЁЯУИтЭдя╕П**
2024-11-08 03:56:23+00:00,**270тВ╣ To 270тВ╣ ЁЯПЖЁЯУИтЭдя╕П**
2024-11-08 03:55:43+00:00,"**BANKNIFTY 13 NOV┬а 52000 CE**__

ЁЯПЫ BUY ABOVE :- __270__

ЁЯУК Current Price : __270__


**Target..300//310//320++**

тШая╕П **Stoploss : PAID**__"
2024-11-08 02:51:03+00:00,"ЁЭЧЪЁЭЧвЁЭЧвЁЭЧЧ ЁЭЧаЁЭЧвЁЭЧеЁЭЧбЁЭЧЬЁЭЧбЁЭЧЪ ЁЭЧФЁЭЧЯЁЭЧЯ ЁЭЧзЁЭЧеЁЭЧФЁЭЧЧЁЭЧШЁЭЧеЁЭЧж тЭдя╕П

ЁЭЧЫЁЭЧФЁЭЧйЁЭЧШ ЁЭЧФ ЁЭЧЪЁЭЧвЁЭЧвЁЭЧЧ ЁЭЧЧЁЭЧФЁЭЧм ЁЭЧзЁЭЧвЁЭЧЧЁЭЧФЁЭЧм ЁЯШКтЩея╕П"
2024-11-07 06:46:23+00:00,**__Only first time apko kud ke pass se investment Krna hai baki fir roj profit milta rehega roj usi profit amount se investment krte rehna hai apko..__**
2024-11-07 06:44:05+00:00,"**__New joining on hai jo bnde interested hai humare sath judna chate hai roj profit kemana chate hai investment krke jud Jana..

Jo bnde kud trading krke profit nhi kema pa rehe hai loss me chal rehe hai bindass investment kro profit kemao enjoy kro...__**"
2024-11-07 05:30:19+00:00,"**200 To 250++++ 3rd Target Hit ЁЯОп ЁЯПЖЁЯУИ

Book Your 100% Profit ЁЯШНЁЯШНЁЯЩПтЭдя╕П


BOOK PROFIT Trail stop loss in profitЁЯТРтЭдя╕П**"
2024-11-07 05:29:50+00:00,**200тВ╣ To 250тВ╣ ЁЯПЖЁЯУИтЭдя╕П**
2024-11-07 05:26:58+00:00,"**200 To 240++++ 2nd Target Hit ЁЯОп ЁЯПЖЁЯУИ

Book Your 70% Profit ЁЯШНЁЯШНЁЯЩПтЭдя╕П


BOOK PROFIT Trail stop loss in profitЁЯТРтЭдя╕П**"
2024-11-07 05:26:39+00:00,**200тВ╣ To 240тВ╣ ЁЯПЖЁЯУИтЭдя╕П**
2024-11-07 05:26:28+00:00,"**200 To 230++++ 1st Target Hit ЁЯОп ЁЯПЖЁЯУИ

Book Your 50% Profit ЁЯШНЁЯШНЁЯЩПтЭдя╕П


BOOK PROFIT Trail stop loss in profitЁЯТРтЭдя╕П**"
2024-11-07 05:25:56+00:00,**200тВ╣ To 230тВ╣ ЁЯПЖЁЯУИтЭдя╕П**
2024-11-07 05:25:50+00:00,**200тВ╣ To 220тВ╣ ЁЯПЖЁЯУИтЭдя╕П**
2024-11-07 05:25:44+00:00,**200тВ╣ To 210тВ╣ ЁЯПЖЁЯУИтЭдя╕П**
2024-11-07 05:25:37+00:00,**200тВ╣ To 200тВ╣ ЁЯПЖЁЯУИтЭдя╕П**
2024-11-07 04:52:30+00:00,"**BANKNIFTY 13 NOV┬а 52500 CE**__

ЁЯПЫ BUY ABOVE :- __200__

ЁЯУК Current Price : __200__


**Target..230//240//250++**

тШая╕П **Stoploss : PAID**__"
2024-11-07 03:15:21+00:00,"ЁЭЧЪЁЭЧвЁЭЧвЁЭЧЧ ЁЭЧаЁЭЧвЁЭЧеЁЭЧбЁЭЧЬЁЭЧбЁЭЧЪ ЁЭЧФЁЭЧЯЁЭЧЯ ЁЭЧзЁЭЧеЁЭЧФЁЭЧЧЁЭЧШЁЭЧеЁЭЧж тЭдя╕П

ЁЭЧЫЁЭЧФЁЭЧйЁЭЧШ ЁЭЧФ ЁЭЧЪЁЭЧвЁЭЧвЁЭЧЧ ЁЭЧЧЁЭЧФЁЭЧм ЁЭЧзЁЭЧвЁЭЧЧЁЭЧФЁЭЧм ЁЯШКтЩея╕П"
2024-11-06 05:52:45+00:00,"**BANKNIFTY EXPRESS ЁЯШО

┬а рдмреЛрд▓рд╛ рдирд╛ рдмрд┐рдВрджрд╛рд╕
рдПрдВрдЯреНрд░реА┬а рд▓реЛ рддреЛ рднрд╛рдИ рдореЗрд░реЗ рдЯреЗрдВрд╢рди рд▓реЗрдиреЗ рдХреА
рдЬрд░реВрд░рдд рдирд╣реАрдВ рдЙрд╕рдХреЛ рдмреНрд▓рд╛рд╕реНрдЯ рдХрд░рдирд╛ рд╣реА рдкрдбрд╝реЗрдЧрд╛ ЁЯдйтЭдя╕ПтАНЁЯФеЁЯе░

рдРрд╕реЗ рдорд╛рд░реНрдХреЗрдЯ рдореЗрдВ рдЯрд╛рдЗрдо рдирд╣реА рдЧрд╡рд╛рдпрд╛ рд╣реИ рджреЛрд╕реНрддреЛ
рдореЗрд╣рдирдд┬а рдХреА рдмрд╛рдд рд╣реИ рдУрд░ рд╣рд░ рджрд┐рди рдЙрд╕реА рдХрд╛
рдкрд░рд┐рдгрд╛рдо рд╣реИ рдЖрдкрдХреЗ рд╕рд╛рдордиреЗтЭдя╕ПЁЯе│ЁЯШО

**https://wa.me/+916378809418/?text=*HELLO-MONEY-INVEST-SIR*
https://wa.me/+916378809418/?text=*HELLO-MONEY-INVEST-SIR*"
2024-11-06 05:24:39+00:00,**__First time trading company se judne ke liye apko kud ke pass se investment Krna hai...__**
2024-11-06 05:24:01+00:00,"**__Plan first time apne hisab se select kar Lena Jo bnde investment krna chate hai vo bnde...

Baki Jo regular bnde hai vo jitna Dil kre utna investment kro ab enjoy kro..

WhatsApp contact ЁЯСЗ 
__**https://wa.me/+916378809418/?text=*HELLO-MONEY-INVEST-SIR*
https://wa.me/+916378809418/?text=*HELLO-MONEY-INVEST-SIR*"
